pair_id,split,input_path,target_path,source_filename
train_00000,train,dataset/train/input/train_00000.png,dataset/train/target/train_00000.png,4392.jpg
train_00001,train,dataset/train/input/train_00001.png,dataset/train/target/train_00001.png,7002.jpg
train_00002,train,dataset/train/input/train_00002.png,dataset/train/target/train_00002.png,7533.jpg
train_00003,train,dataset/train/input/train_00003.png,dataset/train/target/train_00003.png,1682.jpg
train_00004,train,dataset/train/input/train_00004.png,dataset/train/target/train_00004.png,44.jpg
train_00005,train,dataset/train/input/train_00005.png,dataset/train/target/train_00005.png,2593.jpg
train_00006,train,dataset/train/input/train_00006.png,dataset/train/target/train_00006.png,7757.jpg
train_00007,train,dataset/train/input/train_00007.png,dataset/train/target/train_00007.png,3409.jpg
train_00008,train,dataset/train/input/train_00008.png,dataset/train/target/train_00008.png,3072.jpg
train_00009,train,dataset/train/input/train_00009.png,dataset/train/target/train_00009.png,9292.jpg
train_00010,train,dataset/train/input/train_00010.png,dataset/train/target/train_00010.png,4260.jpg
train_00011,train,dataset/train/input/train_00011.png,dataset/train/target/train_00011.png,4810.jpg
train_00012,train,dataset/train/input/train_00012.png,dataset/train/target/train_00012.png,9102.jpg
train_00013,train,dataset/train/input/train_00013.png,dataset/train/target/train_00013.png,633.jpg
train_00014,train,dataset/train/input/train_00014.png,dataset/train/target/train_00014.png,3782.jpg
train_00015,train,dataset/train/input/train_00015.png,dataset/train/target/train_00015.png,783.jpg
train_00016,train,dataset/train/input/train_00016.png,dataset/train/target/train_00016.png,5260.jpg
train_00017,train,dataset/train/input/train_00017.png,dataset/train/target/train_00017.png,4928.jpg
train_00018,train,dataset/train/input/train_00018.png,dataset/train/target/train_00018.png,4649.jpg
train_00019,train,dataset/train/input/train_00019.png,dataset/train/target/train_00019.png,4759.jpg
train_00020,train,dataset/train/input/train_00020.png,dataset/train/target/train_00020.png,2156.jpg
train_00021,train,dataset/train/input/train_00021.png,dataset/train/target/train_00021.png,8507.jpg
train_00022,train,dataset/train/input/train_00022.png,dataset/train/target/train_00022.png,5159.jpg
train_00023,train,dataset/train/input/train_00023.png,dataset/train/target/train_00023.png,2858.jpg
train_00024,train,dataset/train/input/train_00024.png,dataset/train/target/train_00024.png,9188.jpg
train_00025,train,dataset/train/input/train_00025.png,dataset/train/target/train_00025.png,6353.jpg
train_00026,train,dataset/train/input/train_00026.png,dataset/train/target/train_00026.png,2390.jpg
train_00027,train,dataset/train/input/train_00027.png,dataset/train/target/train_00027.png,7838.jpg
train_00028,train,dataset/train/input/train_00028.png,dataset/train/target/train_00028.png,128.jpg
train_00029,train,dataset/train/input/train_00029.png,dataset/train/target/train_00029.png,8488.jpg
train_00030,train,dataset/train/input/train_00030.png,dataset/train/target/train_00030.png,4522.jpg
train_00031,train,dataset/train/input/train_00031.png,dataset/train/target/train_00031.png,6347.jpg
train_00032,train,dataset/train/input/train_00032.png,dataset/train/target/train_00032.png,3844.jpg
train_00033,train,dataset/train/input/train_00033.png,dataset/train/target/train_00033.png,2807.jpg
train_00034,train,dataset/train/input/train_00034.png,dataset/train/target/train_00034.png,7565.jpg
train_00035,train,dataset/train/input/train_00035.png,dataset/train/target/train_00035.png,4745.jpg
train_00036,train,dataset/train/input/train_00036.png,dataset/train/target/train_00036.png,8582.jpg
train_00037,train,dataset/train/input/train_00037.png,dataset/train/target/train_00037.png,4670.jpg
train_00038,train,dataset/train/input/train_00038.png,dataset/train/target/train_00038.png,4621.jpg
train_00039,train,dataset/train/input/train_00039.png,dataset/train/target/train_00039.png,3108.jpg
train_00040,train,dataset/train/input/train_00040.png,dataset/train/target/train_00040.png,129.jpg
train_00041,train,dataset/train/input/train_00041.png,dataset/train/target/train_00041.png,3458.jpg
train_00042,train,dataset/train/input/train_00042.png,dataset/train/target/train_00042.png,1631.jpg
train_00043,train,dataset/train/input/train_00043.png,dataset/train/target/train_00043.png,6288.jpg
train_00044,train,dataset/train/input/train_00044.png,dataset/train/target/train_00044.png,8086.jpg
train_00045,train,dataset/train/input/train_00045.png,dataset/train/target/train_00045.png,2484.jpg
train_00046,train,dataset/train/input/train_00046.png,dataset/train/target/train_00046.png,1524.jpg
train_00047,train,dataset/train/input/train_00047.png,dataset/train/target/train_00047.png,5160.jpg
train_00048,train,dataset/train/input/train_00048.png,dataset/train/target/train_00048.png,4543.jpg
train_00049,train,dataset/train/input/train_00049.png,dataset/train/target/train_00049.png,2440.jpg
train_00050,train,dataset/train/input/train_00050.png,dataset/train/target/train_00050.png,6020.jpg
train_00051,train,dataset/train/input/train_00051.png,dataset/train/target/train_00051.png,5911.jpg
train_00052,train,dataset/train/input/train_00052.png,dataset/train/target/train_00052.png,4747.jpg
train_00053,train,dataset/train/input/train_00053.png,dataset/train/target/train_00053.png,8014.jpg
train_00054,train,dataset/train/input/train_00054.png,dataset/train/target/train_00054.png,56.jpg
train_00055,train,dataset/train/input/train_00055.png,dataset/train/target/train_00055.png,7028.jpg
train_00056,train,dataset/train/input/train_00056.png,dataset/train/target/train_00056.png,5076.jpg
train_00057,train,dataset/train/input/train_00057.png,dataset/train/target/train_00057.png,93.jpg
train_00058,train,dataset/train/input/train_00058.png,dataset/train/target/train_00058.png,2114.jpg
train_00059,train,dataset/train/input/train_00059.png,dataset/train/target/train_00059.png,5723.jpg
train_00060,train,dataset/train/input/train_00060.png,dataset/train/target/train_00060.png,5539.jpg
train_00061,train,dataset/train/input/train_00061.png,dataset/train/target/train_00061.png,113.jpg
train_00062,train,dataset/train/input/train_00062.png,dataset/train/target/train_00062.png,3034.jpg
train_00063,train,dataset/train/input/train_00063.png,dataset/train/target/train_00063.png,5904.jpg
train_00064,train,dataset/train/input/train_00064.png,dataset/train/target/train_00064.png,581.jpg
train_00065,train,dataset/train/input/train_00065.png,dataset/train/target/train_00065.png,4831.jpg
train_00066,train,dataset/train/input/train_00066.png,dataset/train/target/train_00066.png,5822.jpg
train_00067,train,dataset/train/input/train_00067.png,dataset/train/target/train_00067.png,2547.jpg
train_00068,train,dataset/train/input/train_00068.png,dataset/train/target/train_00068.png,3904.jpg
train_00069,train,dataset/train/input/train_00069.png,dataset/train/target/train_00069.png,8629.jpg
train_00070,train,dataset/train/input/train_00070.png,dataset/train/target/train_00070.png,8434.jpg
train_00071,train,dataset/train/input/train_00071.png,dataset/train/target/train_00071.png,4113.jpg
train_00072,train,dataset/train/input/train_00072.png,dataset/train/target/train_00072.png,9220.jpg
train_00073,train,dataset/train/input/train_00073.png,dataset/train/target/train_00073.png,2794.jpg
train_00074,train,dataset/train/input/train_00074.png,dataset/train/target/train_00074.png,3956.jpg
train_00075,train,dataset/train/input/train_00075.png,dataset/train/target/train_00075.png,4114.jpg
train_00076,train,dataset/train/input/train_00076.png,dataset/train/target/train_00076.png,8647.jpg
train_00077,train,dataset/train/input/train_00077.png,dataset/train/target/train_00077.png,7854.jpg
train_00078,train,dataset/train/input/train_00078.png,dataset/train/target/train_00078.png,7906.jpg
train_00079,train,dataset/train/input/train_00079.png,dataset/train/target/train_00079.png,6423.jpg
train_00080,train,dataset/train/input/train_00080.png,dataset/train/target/train_00080.png,747.jpg
train_00081,train,dataset/train/input/train_00081.png,dataset/train/target/train_00081.png,8729.jpg
train_00082,train,dataset/train/input/train_00082.png,dataset/train/target/train_00082.png,5620.jpg
train_00083,train,dataset/train/input/train_00083.png,dataset/train/target/train_00083.png,5460.jpg
train_00084,train,dataset/train/input/train_00084.png,dataset/train/target/train_00084.png,7382.jpg
train_00085,train,dataset/train/input/train_00085.png,dataset/train/target/train_00085.png,373.jpg
train_00086,train,dataset/train/input/train_00086.png,dataset/train/target/train_00086.png,6662.jpg
train_00087,train,dataset/train/input/train_00087.png,dataset/train/target/train_00087.png,6838.jpg
train_00088,train,dataset/train/input/train_00088.png,dataset/train/target/train_00088.png,2064.jpg
train_00089,train,dataset/train/input/train_00089.png,dataset/train/target/train_00089.png,1462.jpg
train_00090,train,dataset/train/input/train_00090.png,dataset/train/target/train_00090.png,5272.jpg
train_00091,train,dataset/train/input/train_00091.png,dataset/train/target/train_00091.png,1954.jpg
train_00092,train,dataset/train/input/train_00092.png,dataset/train/target/train_00092.png,3625.jpg
train_00093,train,dataset/train/input/train_00093.png,dataset/train/target/train_00093.png,2258.jpg
train_00094,train,dataset/train/input/train_00094.png,dataset/train/target/train_00094.png,8637.jpg
train_00095,train,dataset/train/input/train_00095.png,dataset/train/target/train_00095.png,8478.jpg
train_00096,train,dataset/train/input/train_00096.png,dataset/train/target/train_00096.png,370.jpg
train_00097,train,dataset/train/input/train_00097.png,dataset/train/target/train_00097.png,550.jpg
train_00098,train,dataset/train/input/train_00098.png,dataset/train/target/train_00098.png,3883.jpg
train_00099,train,dataset/train/input/train_00099.png,dataset/train/target/train_00099.png,6290.jpg
train_00100,train,dataset/train/input/train_00100.png,dataset/train/target/train_00100.png,7426.jpg
train_00101,train,dataset/train/input/train_00101.png,dataset/train/target/train_00101.png,627.jpg
train_00102,train,dataset/train/input/train_00102.png,dataset/train/target/train_00102.png,676.jpg
train_00103,train,dataset/train/input/train_00103.png,dataset/train/target/train_00103.png,4753.jpg
train_00104,train,dataset/train/input/train_00104.png,dataset/train/target/train_00104.png,2851.jpg
train_00105,train,dataset/train/input/train_00105.png,dataset/train/target/train_00105.png,6052.jpg
train_00106,train,dataset/train/input/train_00106.png,dataset/train/target/train_00106.png,6665.jpg
train_00107,train,dataset/train/input/train_00107.png,dataset/train/target/train_00107.png,835.jpg
train_00108,train,dataset/train/input/train_00108.png,dataset/train/target/train_00108.png,6940.jpg
train_00109,train,dataset/train/input/train_00109.png,dataset/train/target/train_00109.png,5560.jpg
train_00110,train,dataset/train/input/train_00110.png,dataset/train/target/train_00110.png,1471.jpg
train_00111,train,dataset/train/input/train_00111.png,dataset/train/target/train_00111.png,1126.jpg
train_00112,train,dataset/train/input/train_00112.png,dataset/train/target/train_00112.png,9737.jpg
train_00113,train,dataset/train/input/train_00113.png,dataset/train/target/train_00113.png,4907.jpg
train_00114,train,dataset/train/input/train_00114.png,dataset/train/target/train_00114.png,1636.jpg
train_00115,train,dataset/train/input/train_00115.png,dataset/train/target/train_00115.png,1427.jpg
train_00116,train,dataset/train/input/train_00116.png,dataset/train/target/train_00116.png,6470.jpg
train_00117,train,dataset/train/input/train_00117.png,dataset/train/target/train_00117.png,3668.jpg
train_00118,train,dataset/train/input/train_00118.png,dataset/train/target/train_00118.png,5922.jpg
train_00119,train,dataset/train/input/train_00119.png,dataset/train/target/train_00119.png,3711.jpg
train_00120,train,dataset/train/input/train_00120.png,dataset/train/target/train_00120.png,7066.jpg
train_00121,train,dataset/train/input/train_00121.png,dataset/train/target/train_00121.png,6606.jpg
train_00122,train,dataset/train/input/train_00122.png,dataset/train/target/train_00122.png,771.jpg
train_00123,train,dataset/train/input/train_00123.png,dataset/train/target/train_00123.png,8971.jpg
train_00124,train,dataset/train/input/train_00124.png,dataset/train/target/train_00124.png,3993.jpg
train_00125,train,dataset/train/input/train_00125.png,dataset/train/target/train_00125.png,7276.jpg
train_00126,train,dataset/train/input/train_00126.png,dataset/train/target/train_00126.png,1574.jpg
train_00127,train,dataset/train/input/train_00127.png,dataset/train/target/train_00127.png,2042.jpg
train_00128,train,dataset/train/input/train_00128.png,dataset/train/target/train_00128.png,6739.jpg
train_00129,train,dataset/train/input/train_00129.png,dataset/train/target/train_00129.png,6619.jpg
train_00130,train,dataset/train/input/train_00130.png,dataset/train/target/train_00130.png,8642.jpg
train_00131,train,dataset/train/input/train_00131.png,dataset/train/target/train_00131.png,1861.jpg
train_00132,train,dataset/train/input/train_00132.png,dataset/train/target/train_00132.png,6743.jpg
train_00133,train,dataset/train/input/train_00133.png,dataset/train/target/train_00133.png,500.jpg
train_00134,train,dataset/train/input/train_00134.png,dataset/train/target/train_00134.png,4274.jpg
train_00135,train,dataset/train/input/train_00135.png,dataset/train/target/train_00135.png,1250.jpg
train_00136,train,dataset/train/input/train_00136.png,dataset/train/target/train_00136.png,7248.jpg
train_00137,train,dataset/train/input/train_00137.png,dataset/train/target/train_00137.png,9385.jpg
train_00138,train,dataset/train/input/train_00138.png,dataset/train/target/train_00138.png,498.jpg
train_00139,train,dataset/train/input/train_00139.png,dataset/train/target/train_00139.png,8183.jpg
train_00140,train,dataset/train/input/train_00140.png,dataset/train/target/train_00140.png,2116.jpg
train_00141,train,dataset/train/input/train_00141.png,dataset/train/target/train_00141.png,418.jpg
train_00142,train,dataset/train/input/train_00142.png,dataset/train/target/train_00142.png,4078.jpg
train_00143,train,dataset/train/input/train_00143.png,dataset/train/target/train_00143.png,5416.jpg
train_00144,train,dataset/train/input/train_00144.png,dataset/train/target/train_00144.png,9320.jpg
train_00145,train,dataset/train/input/train_00145.png,dataset/train/target/train_00145.png,699.jpg
train_00146,train,dataset/train/input/train_00146.png,dataset/train/target/train_00146.png,4620.jpg
train_00147,train,dataset/train/input/train_00147.png,dataset/train/target/train_00147.png,6659.jpg
train_00148,train,dataset/train/input/train_00148.png,dataset/train/target/train_00148.png,8104.jpg
train_00149,train,dataset/train/input/train_00149.png,dataset/train/target/train_00149.png,4998.jpg
train_00150,train,dataset/train/input/train_00150.png,dataset/train/target/train_00150.png,4471.jpg
train_00151,train,dataset/train/input/train_00151.png,dataset/train/target/train_00151.png,5438.jpg
train_00152,train,dataset/train/input/train_00152.png,dataset/train/target/train_00152.png,5529.jpg
train_00153,train,dataset/train/input/train_00153.png,dataset/train/target/train_00153.png,3469.jpg
train_00154,train,dataset/train/input/train_00154.png,dataset/train/target/train_00154.png,1322.jpg
train_00155,train,dataset/train/input/train_00155.png,dataset/train/target/train_00155.png,9575.jpg
train_00156,train,dataset/train/input/train_00156.png,dataset/train/target/train_00156.png,8082.jpg
train_00157,train,dataset/train/input/train_00157.png,dataset/train/target/train_00157.png,7563.jpg
train_00158,train,dataset/train/input/train_00158.png,dataset/train/target/train_00158.png,9525.jpg
train_00159,train,dataset/train/input/train_00159.png,dataset/train/target/train_00159.png,7302.jpg
train_00160,train,dataset/train/input/train_00160.png,dataset/train/target/train_00160.png,9822.jpg
train_00161,train,dataset/train/input/train_00161.png,dataset/train/target/train_00161.png,5899.jpg
train_00162,train,dataset/train/input/train_00162.png,dataset/train/target/train_00162.png,115.jpg
train_00163,train,dataset/train/input/train_00163.png,dataset/train/target/train_00163.png,1071.jpg
train_00164,train,dataset/train/input/train_00164.png,dataset/train/target/train_00164.png,9725.jpg
train_00165,train,dataset/train/input/train_00165.png,dataset/train/target/train_00165.png,1512.jpg
train_00166,train,dataset/train/input/train_00166.png,dataset/train/target/train_00166.png,5415.jpg
train_00167,train,dataset/train/input/train_00167.png,dataset/train/target/train_00167.png,4520.jpg
train_00168,train,dataset/train/input/train_00168.png,dataset/train/target/train_00168.png,657.jpg
train_00169,train,dataset/train/input/train_00169.png,dataset/train/target/train_00169.png,733.jpg
train_00170,train,dataset/train/input/train_00170.png,dataset/train/target/train_00170.png,8267.jpg
train_00171,train,dataset/train/input/train_00171.png,dataset/train/target/train_00171.png,8162.jpg
train_00172,train,dataset/train/input/train_00172.png,dataset/train/target/train_00172.png,9523.jpg
train_00173,train,dataset/train/input/train_00173.png,dataset/train/target/train_00173.png,9883.jpg
train_00174,train,dataset/train/input/train_00174.png,dataset/train/target/train_00174.png,1342.jpg
train_00175,train,dataset/train/input/train_00175.png,dataset/train/target/train_00175.png,476.jpg
train_00176,train,dataset/train/input/train_00176.png,dataset/train/target/train_00176.png,7830.jpg
train_00177,train,dataset/train/input/train_00177.png,dataset/train/target/train_00177.png,3215.jpg
train_00178,train,dataset/train/input/train_00178.png,dataset/train/target/train_00178.png,9098.jpg
train_00179,train,dataset/train/input/train_00179.png,dataset/train/target/train_00179.png,8002.jpg
train_00180,train,dataset/train/input/train_00180.png,dataset/train/target/train_00180.png,3884.jpg
train_00181,train,dataset/train/input/train_00181.png,dataset/train/target/train_00181.png,4104.jpg
train_00182,train,dataset/train/input/train_00182.png,dataset/train/target/train_00182.png,1374.jpg
train_00183,train,dataset/train/input/train_00183.png,dataset/train/target/train_00183.png,2862.jpg
train_00184,train,dataset/train/input/train_00184.png,dataset/train/target/train_00184.png,4631.jpg
train_00185,train,dataset/train/input/train_00185.png,dataset/train/target/train_00185.png,4729.jpg
train_00186,train,dataset/train/input/train_00186.png,dataset/train/target/train_00186.png,5165.jpg
train_00187,train,dataset/train/input/train_00187.png,dataset/train/target/train_00187.png,7447.jpg
train_00188,train,dataset/train/input/train_00188.png,dataset/train/target/train_00188.png,9964.jpg
train_00189,train,dataset/train/input/train_00189.png,dataset/train/target/train_00189.png,5609.jpg
train_00190,train,dataset/train/input/train_00190.png,dataset/train/target/train_00190.png,1514.jpg
train_00191,train,dataset/train/input/train_00191.png,dataset/train/target/train_00191.png,8306.jpg
train_00192,train,dataset/train/input/train_00192.png,dataset/train/target/train_00192.png,34.jpg
train_00193,train,dataset/train/input/train_00193.png,dataset/train/target/train_00193.png,7001.jpg
train_00194,train,dataset/train/input/train_00194.png,dataset/train/target/train_00194.png,5514.jpg
train_00195,train,dataset/train/input/train_00195.png,dataset/train/target/train_00195.png,8862.jpg
train_00196,train,dataset/train/input/train_00196.png,dataset/train/target/train_00196.png,2379.jpg
train_00197,train,dataset/train/input/train_00197.png,dataset/train/target/train_00197.png,3984.jpg
train_00198,train,dataset/train/input/train_00198.png,dataset/train/target/train_00198.png,826.jpg
train_00199,train,dataset/train/input/train_00199.png,dataset/train/target/train_00199.png,8403.jpg
train_00200,train,dataset/train/input/train_00200.png,dataset/train/target/train_00200.png,7726.jpg
train_00201,train,dataset/train/input/train_00201.png,dataset/train/target/train_00201.png,6655.jpg
train_00202,train,dataset/train/input/train_00202.png,dataset/train/target/train_00202.png,3462.jpg
train_00203,train,dataset/train/input/train_00203.png,dataset/train/target/train_00203.png,5600.jpg
train_00204,train,dataset/train/input/train_00204.png,dataset/train/target/train_00204.png,4812.jpg
train_00205,train,dataset/train/input/train_00205.png,dataset/train/target/train_00205.png,27.jpg
train_00206,train,dataset/train/input/train_00206.png,dataset/train/target/train_00206.png,4696.jpg
train_00207,train,dataset/train/input/train_00207.png,dataset/train/target/train_00207.png,8798.jpg
train_00208,train,dataset/train/input/train_00208.png,dataset/train/target/train_00208.png,6248.jpg
train_00209,train,dataset/train/input/train_00209.png,dataset/train/target/train_00209.png,5273.jpg
train_00210,train,dataset/train/input/train_00210.png,dataset/train/target/train_00210.png,6277.jpg
train_00211,train,dataset/train/input/train_00211.png,dataset/train/target/train_00211.png,7857.jpg
train_00212,train,dataset/train/input/train_00212.png,dataset/train/target/train_00212.png,2252.jpg
train_00213,train,dataset/train/input/train_00213.png,dataset/train/target/train_00213.png,975.jpg
train_00214,train,dataset/train/input/train_00214.png,dataset/train/target/train_00214.png,3955.jpg
train_00215,train,dataset/train/input/train_00215.png,dataset/train/target/train_00215.png,3159.jpg
train_00216,train,dataset/train/input/train_00216.png,dataset/train/target/train_00216.png,813.jpg
train_00217,train,dataset/train/input/train_00217.png,dataset/train/target/train_00217.png,4173.jpg
train_00218,train,dataset/train/input/train_00218.png,dataset/train/target/train_00218.png,7387.jpg
train_00219,train,dataset/train/input/train_00219.png,dataset/train/target/train_00219.png,2285.jpg
train_00220,train,dataset/train/input/train_00220.png,dataset/train/target/train_00220.png,4214.jpg
train_00221,train,dataset/train/input/train_00221.png,dataset/train/target/train_00221.png,7356.jpg
train_00222,train,dataset/train/input/train_00222.png,dataset/train/target/train_00222.png,7500.jpg
train_00223,train,dataset/train/input/train_00223.png,dataset/train/target/train_00223.png,8293.jpg
train_00224,train,dataset/train/input/train_00224.png,dataset/train/target/train_00224.png,671.jpg
train_00225,train,dataset/train/input/train_00225.png,dataset/train/target/train_00225.png,8419.jpg
train_00226,train,dataset/train/input/train_00226.png,dataset/train/target/train_00226.png,1858.jpg
train_00227,train,dataset/train/input/train_00227.png,dataset/train/target/train_00227.png,7789.jpg
train_00228,train,dataset/train/input/train_00228.png,dataset/train/target/train_00228.png,750.jpg
train_00229,train,dataset/train/input/train_00229.png,dataset/train/target/train_00229.png,8651.jpg
train_00230,train,dataset/train/input/train_00230.png,dataset/train/target/train_00230.png,4057.jpg
train_00231,train,dataset/train/input/train_00231.png,dataset/train/target/train_00231.png,5082.jpg
train_00232,train,dataset/train/input/train_00232.png,dataset/train/target/train_00232.png,6944.jpg
train_00233,train,dataset/train/input/train_00233.png,dataset/train/target/train_00233.png,7187.jpg
train_00234,train,dataset/train/input/train_00234.png,dataset/train/target/train_00234.png,648.jpg
train_00235,train,dataset/train/input/train_00235.png,dataset/train/target/train_00235.png,6813.jpg
train_00236,train,dataset/train/input/train_00236.png,dataset/train/target/train_00236.png,4004.jpg
train_00237,train,dataset/train/input/train_00237.png,dataset/train/target/train_00237.png,7038.jpg
train_00238,train,dataset/train/input/train_00238.png,dataset/train/target/train_00238.png,5432.jpg
train_00239,train,dataset/train/input/train_00239.png,dataset/train/target/train_00239.png,1782.jpg
train_00240,train,dataset/train/input/train_00240.png,dataset/train/target/train_00240.png,1000.jpg
train_00241,train,dataset/train/input/train_00241.png,dataset/train/target/train_00241.png,3973.jpg
train_00242,train,dataset/train/input/train_00242.png,dataset/train/target/train_00242.png,2025.jpg
train_00243,train,dataset/train/input/train_00243.png,dataset/train/target/train_00243.png,4021.jpg
train_00244,train,dataset/train/input/train_00244.png,dataset/train/target/train_00244.png,971.jpg
train_00245,train,dataset/train/input/train_00245.png,dataset/train/target/train_00245.png,7527.jpg
train_00246,train,dataset/train/input/train_00246.png,dataset/train/target/train_00246.png,1003.jpg
train_00247,train,dataset/train/input/train_00247.png,dataset/train/target/train_00247.png,8930.jpg
train_00248,train,dataset/train/input/train_00248.png,dataset/train/target/train_00248.png,8131.jpg
train_00249,train,dataset/train/input/train_00249.png,dataset/train/target/train_00249.png,6428.jpg
train_00250,train,dataset/train/input/train_00250.png,dataset/train/target/train_00250.png,8124.jpg
train_00251,train,dataset/train/input/train_00251.png,dataset/train/target/train_00251.png,9379.jpg
train_00252,train,dataset/train/input/train_00252.png,dataset/train/target/train_00252.png,3672.jpg
train_00253,train,dataset/train/input/train_00253.png,dataset/train/target/train_00253.png,5282.jpg
train_00254,train,dataset/train/input/train_00254.png,dataset/train/target/train_00254.png,6915.jpg
train_00255,train,dataset/train/input/train_00255.png,dataset/train/target/train_00255.png,9398.jpg
train_00256,train,dataset/train/input/train_00256.png,dataset/train/target/train_00256.png,2396.jpg
train_00257,train,dataset/train/input/train_00257.png,dataset/train/target/train_00257.png,5391.jpg
train_00258,train,dataset/train/input/train_00258.png,dataset/train/target/train_00258.png,9196.jpg
train_00259,train,dataset/train/input/train_00259.png,dataset/train/target/train_00259.png,9507.jpg
train_00260,train,dataset/train/input/train_00260.png,dataset/train/target/train_00260.png,8260.jpg
train_00261,train,dataset/train/input/train_00261.png,dataset/train/target/train_00261.png,2153.jpg
train_00262,train,dataset/train/input/train_00262.png,dataset/train/target/train_00262.png,9348.jpg
train_00263,train,dataset/train/input/train_00263.png,dataset/train/target/train_00263.png,7781.jpg
train_00264,train,dataset/train/input/train_00264.png,dataset/train/target/train_00264.png,4360.jpg
train_00265,train,dataset/train/input/train_00265.png,dataset/train/target/train_00265.png,5865.jpg
train_00266,train,dataset/train/input/train_00266.png,dataset/train/target/train_00266.png,5372.jpg
train_00267,train,dataset/train/input/train_00267.png,dataset/train/target/train_00267.png,1348.jpg
train_00268,train,dataset/train/input/train_00268.png,dataset/train/target/train_00268.png,3152.jpg
train_00269,train,dataset/train/input/train_00269.png,dataset/train/target/train_00269.png,3264.jpg
train_00270,train,dataset/train/input/train_00270.png,dataset/train/target/train_00270.png,6925.jpg
train_00271,train,dataset/train/input/train_00271.png,dataset/train/target/train_00271.png,2322.jpg
train_00272,train,dataset/train/input/train_00272.png,dataset/train/target/train_00272.png,19.jpg
train_00273,train,dataset/train/input/train_00273.png,dataset/train/target/train_00273.png,3459.jpg
train_00274,train,dataset/train/input/train_00274.png,dataset/train/target/train_00274.png,9889.jpg
train_00275,train,dataset/train/input/train_00275.png,dataset/train/target/train_00275.png,91.jpg
train_00276,train,dataset/train/input/train_00276.png,dataset/train/target/train_00276.png,182.jpg
train_00277,train,dataset/train/input/train_00277.png,dataset/train/target/train_00277.png,5918.jpg
train_00278,train,dataset/train/input/train_00278.png,dataset/train/target/train_00278.png,7644.jpg
train_00279,train,dataset/train/input/train_00279.png,dataset/train/target/train_00279.png,3336.jpg
train_00280,train,dataset/train/input/train_00280.png,dataset/train/target/train_00280.png,7872.jpg
train_00281,train,dataset/train/input/train_00281.png,dataset/train/target/train_00281.png,9233.jpg
train_00282,train,dataset/train/input/train_00282.png,dataset/train/target/train_00282.png,741.jpg
train_00283,train,dataset/train/input/train_00283.png,dataset/train/target/train_00283.png,2221.jpg
train_00284,train,dataset/train/input/train_00284.png,dataset/train/target/train_00284.png,952.jpg
train_00285,train,dataset/train/input/train_00285.png,dataset/train/target/train_00285.png,8374.jpg
train_00286,train,dataset/train/input/train_00286.png,dataset/train/target/train_00286.png,3500.jpg
train_00287,train,dataset/train/input/train_00287.png,dataset/train/target/train_00287.png,3093.jpg
train_00288,train,dataset/train/input/train_00288.png,dataset/train/target/train_00288.png,2502.jpg
train_00289,train,dataset/train/input/train_00289.png,dataset/train/target/train_00289.png,7572.jpg
train_00290,train,dataset/train/input/train_00290.png,dataset/train/target/train_00290.png,175.jpg
train_00291,train,dataset/train/input/train_00291.png,dataset/train/target/train_00291.png,9286.jpg
train_00292,train,dataset/train/input/train_00292.png,dataset/train/target/train_00292.png,5213.jpg
train_00293,train,dataset/train/input/train_00293.png,dataset/train/target/train_00293.png,9526.jpg
train_00294,train,dataset/train/input/train_00294.png,dataset/train/target/train_00294.png,2553.jpg
train_00295,train,dataset/train/input/train_00295.png,dataset/train/target/train_00295.png,6858.jpg
train_00296,train,dataset/train/input/train_00296.png,dataset/train/target/train_00296.png,8918.jpg
train_00297,train,dataset/train/input/train_00297.png,dataset/train/target/train_00297.png,3408.jpg
train_00298,train,dataset/train/input/train_00298.png,dataset/train/target/train_00298.png,9650.jpg
train_00299,train,dataset/train/input/train_00299.png,dataset/train/target/train_00299.png,2457.jpg
train_00300,train,dataset/train/input/train_00300.png,dataset/train/target/train_00300.png,6596.jpg
train_00301,train,dataset/train/input/train_00301.png,dataset/train/target/train_00301.png,2721.jpg
train_00302,train,dataset/train/input/train_00302.png,dataset/train/target/train_00302.png,1306.jpg
train_00303,train,dataset/train/input/train_00303.png,dataset/train/target/train_00303.png,1347.jpg
train_00304,train,dataset/train/input/train_00304.png,dataset/train/target/train_00304.png,4844.jpg
train_00305,train,dataset/train/input/train_00305.png,dataset/train/target/train_00305.png,5389.jpg
train_00306,train,dataset/train/input/train_00306.png,dataset/train/target/train_00306.png,3070.jpg
train_00307,train,dataset/train/input/train_00307.png,dataset/train/target/train_00307.png,8093.jpg
train_00308,train,dataset/train/input/train_00308.png,dataset/train/target/train_00308.png,1201.jpg
train_00309,train,dataset/train/input/train_00309.png,dataset/train/target/train_00309.png,2124.jpg
train_00310,train,dataset/train/input/train_00310.png,dataset/train/target/train_00310.png,6835.jpg
train_00311,train,dataset/train/input/train_00311.png,dataset/train/target/train_00311.png,8645.jpg
train_00312,train,dataset/train/input/train_00312.png,dataset/train/target/train_00312.png,7943.jpg
train_00313,train,dataset/train/input/train_00313.png,dataset/train/target/train_00313.png,6066.jpg
train_00314,train,dataset/train/input/train_00314.png,dataset/train/target/train_00314.png,5156.jpg
train_00315,train,dataset/train/input/train_00315.png,dataset/train/target/train_00315.png,9702.jpg
train_00316,train,dataset/train/input/train_00316.png,dataset/train/target/train_00316.png,1362.jpg
train_00317,train,dataset/train/input/train_00317.png,dataset/train/target/train_00317.png,516.jpg
train_00318,train,dataset/train/input/train_00318.png,dataset/train/target/train_00318.png,3866.jpg
train_00319,train,dataset/train/input/train_00319.png,dataset/train/target/train_00319.png,4924.jpg
train_00320,train,dataset/train/input/train_00320.png,dataset/train/target/train_00320.png,334.jpg
train_00321,train,dataset/train/input/train_00321.png,dataset/train/target/train_00321.png,6845.jpg
train_00322,train,dataset/train/input/train_00322.png,dataset/train/target/train_00322.png,629.jpg
train_00323,train,dataset/train/input/train_00323.png,dataset/train/target/train_00323.png,5388.jpg
train_00324,train,dataset/train/input/train_00324.png,dataset/train/target/train_00324.png,4853.jpg
train_00325,train,dataset/train/input/train_00325.png,dataset/train/target/train_00325.png,2865.jpg
train_00326,train,dataset/train/input/train_00326.png,dataset/train/target/train_00326.png,8909.jpg
train_00327,train,dataset/train/input/train_00327.png,dataset/train/target/train_00327.png,2343.jpg
train_00328,train,dataset/train/input/train_00328.png,dataset/train/target/train_00328.png,8116.jpg
train_00329,train,dataset/train/input/train_00329.png,dataset/train/target/train_00329.png,4708.jpg
train_00330,train,dataset/train/input/train_00330.png,dataset/train/target/train_00330.png,6474.jpg
train_00331,train,dataset/train/input/train_00331.png,dataset/train/target/train_00331.png,1054.jpg
train_00332,train,dataset/train/input/train_00332.png,dataset/train/target/train_00332.png,377.jpg
train_00333,train,dataset/train/input/train_00333.png,dataset/train/target/train_00333.png,7106.jpg
train_00334,train,dataset/train/input/train_00334.png,dataset/train/target/train_00334.png,2057.jpg
train_00335,train,dataset/train/input/train_00335.png,dataset/train/target/train_00335.png,2125.jpg
train_00336,train,dataset/train/input/train_00336.png,dataset/train/target/train_00336.png,3979.jpg
train_00337,train,dataset/train/input/train_00337.png,dataset/train/target/train_00337.png,1008.jpg
train_00338,train,dataset/train/input/train_00338.png,dataset/train/target/train_00338.png,8870.jpg
train_00339,train,dataset/train/input/train_00339.png,dataset/train/target/train_00339.png,1488.jpg
train_00340,train,dataset/train/input/train_00340.png,dataset/train/target/train_00340.png,2943.jpg
train_00341,train,dataset/train/input/train_00341.png,dataset/train/target/train_00341.png,5794.jpg
train_00342,train,dataset/train/input/train_00342.png,dataset/train/target/train_00342.png,2710.jpg
train_00343,train,dataset/train/input/train_00343.png,dataset/train/target/train_00343.png,5934.jpg
train_00344,train,dataset/train/input/train_00344.png,dataset/train/target/train_00344.png,1246.jpg
train_00345,train,dataset/train/input/train_00345.png,dataset/train/target/train_00345.png,3398.jpg
train_00346,train,dataset/train/input/train_00346.png,dataset/train/target/train_00346.png,166.jpg
train_00347,train,dataset/train/input/train_00347.png,dataset/train/target/train_00347.png,43.jpg
train_00348,train,dataset/train/input/train_00348.png,dataset/train/target/train_00348.png,1176.jpg
train_00349,train,dataset/train/input/train_00349.png,dataset/train/target/train_00349.png,5091.jpg
train_00350,train,dataset/train/input/train_00350.png,dataset/train/target/train_00350.png,2681.jpg
train_00351,train,dataset/train/input/train_00351.png,dataset/train/target/train_00351.png,4952.jpg
train_00352,train,dataset/train/input/train_00352.png,dataset/train/target/train_00352.png,8482.jpg
train_00353,train,dataset/train/input/train_00353.png,dataset/train/target/train_00353.png,7988.jpg
train_00354,train,dataset/train/input/train_00354.png,dataset/train/target/train_00354.png,319.jpg
train_00355,train,dataset/train/input/train_00355.png,dataset/train/target/train_00355.png,7042.jpg
train_00356,train,dataset/train/input/train_00356.png,dataset/train/target/train_00356.png,1688.jpg
train_00357,train,dataset/train/input/train_00357.png,dataset/train/target/train_00357.png,1821.jpg
train_00358,train,dataset/train/input/train_00358.png,dataset/train/target/train_00358.png,1932.jpg
train_00359,train,dataset/train/input/train_00359.png,dataset/train/target/train_00359.png,1209.jpg
train_00360,train,dataset/train/input/train_00360.png,dataset/train/target/train_00360.png,8289.jpg
train_00361,train,dataset/train/input/train_00361.png,dataset/train/target/train_00361.png,1383.jpg
train_00362,train,dataset/train/input/train_00362.png,dataset/train/target/train_00362.png,1060.jpg
train_00363,train,dataset/train/input/train_00363.png,dataset/train/target/train_00363.png,2778.jpg
train_00364,train,dataset/train/input/train_00364.png,dataset/train/target/train_00364.png,6647.jpg
train_00365,train,dataset/train/input/train_00365.png,dataset/train/target/train_00365.png,4917.jpg
train_00366,train,dataset/train/input/train_00366.png,dataset/train/target/train_00366.png,3812.jpg
train_00367,train,dataset/train/input/train_00367.png,dataset/train/target/train_00367.png,2055.jpg
train_00368,train,dataset/train/input/train_00368.png,dataset/train/target/train_00368.png,6018.jpg
train_00369,train,dataset/train/input/train_00369.png,dataset/train/target/train_00369.png,7975.jpg
train_00370,train,dataset/train/input/train_00370.png,dataset/train/target/train_00370.png,4982.jpg
train_00371,train,dataset/train/input/train_00371.png,dataset/train/target/train_00371.png,1608.jpg
train_00372,train,dataset/train/input/train_00372.png,dataset/train/target/train_00372.png,3286.jpg
train_00373,train,dataset/train/input/train_00373.png,dataset/train/target/train_00373.png,9079.jpg
train_00374,train,dataset/train/input/train_00374.png,dataset/train/target/train_00374.png,9785.jpg
train_00375,train,dataset/train/input/train_00375.png,dataset/train/target/train_00375.png,8039.jpg
train_00376,train,dataset/train/input/train_00376.png,dataset/train/target/train_00376.png,6842.jpg
train_00377,train,dataset/train/input/train_00377.png,dataset/train/target/train_00377.png,4840.jpg
train_00378,train,dataset/train/input/train_00378.png,dataset/train/target/train_00378.png,2311.jpg
train_00379,train,dataset/train/input/train_00379.png,dataset/train/target/train_00379.png,5661.jpg
train_00380,train,dataset/train/input/train_00380.png,dataset/train/target/train_00380.png,1923.jpg
train_00381,train,dataset/train/input/train_00381.png,dataset/train/target/train_00381.png,8161.jpg
train_00382,train,dataset/train/input/train_00382.png,dataset/train/target/train_00382.png,9432.jpg
train_00383,train,dataset/train/input/train_00383.png,dataset/train/target/train_00383.png,2740.jpg
train_00384,train,dataset/train/input/train_00384.png,dataset/train/target/train_00384.png,172.jpg
train_00385,train,dataset/train/input/train_00385.png,dataset/train/target/train_00385.png,6884.jpg
train_00386,train,dataset/train/input/train_00386.png,dataset/train/target/train_00386.png,4832.jpg
train_00387,train,dataset/train/input/train_00387.png,dataset/train/target/train_00387.png,473.jpg
train_00388,train,dataset/train/input/train_00388.png,dataset/train/target/train_00388.png,2469.jpg
train_00389,train,dataset/train/input/train_00389.png,dataset/train/target/train_00389.png,4794.jpg
train_00390,train,dataset/train/input/train_00390.png,dataset/train/target/train_00390.png,15.jpg
train_00391,train,dataset/train/input/train_00391.png,dataset/train/target/train_00391.png,5147.jpg
train_00392,train,dataset/train/input/train_00392.png,dataset/train/target/train_00392.png,1835.jpg
train_00393,train,dataset/train/input/train_00393.png,dataset/train/target/train_00393.png,7805.jpg
train_00394,train,dataset/train/input/train_00394.png,dataset/train/target/train_00394.png,9903.jpg
train_00395,train,dataset/train/input/train_00395.png,dataset/train/target/train_00395.png,6219.jpg
train_00396,train,dataset/train/input/train_00396.png,dataset/train/target/train_00396.png,3300.jpg
train_00397,train,dataset/train/input/train_00397.png,dataset/train/target/train_00397.png,76.jpg
train_00398,train,dataset/train/input/train_00398.png,dataset/train/target/train_00398.png,2507.jpg
train_00399,train,dataset/train/input/train_00399.png,dataset/train/target/train_00399.png,3288.jpg
train_00400,train,dataset/train/input/train_00400.png,dataset/train/target/train_00400.png,4866.jpg
train_00401,train,dataset/train/input/train_00401.png,dataset/train/target/train_00401.png,8932.jpg
train_00402,train,dataset/train/input/train_00402.png,dataset/train/target/train_00402.png,6382.jpg
train_00403,train,dataset/train/input/train_00403.png,dataset/train/target/train_00403.png,1260.jpg
train_00404,train,dataset/train/input/train_00404.png,dataset/train/target/train_00404.png,4870.jpg
train_00405,train,dataset/train/input/train_00405.png,dataset/train/target/train_00405.png,4835.jpg
train_00406,train,dataset/train/input/train_00406.png,dataset/train/target/train_00406.png,8577.jpg
train_00407,train,dataset/train/input/train_00407.png,dataset/train/target/train_00407.png,6642.jpg
train_00408,train,dataset/train/input/train_00408.png,dataset/train/target/train_00408.png,4384.jpg
train_00409,train,dataset/train/input/train_00409.png,dataset/train/target/train_00409.png,2482.jpg
train_00410,train,dataset/train/input/train_00410.png,dataset/train/target/train_00410.png,7578.jpg
train_00411,train,dataset/train/input/train_00411.png,dataset/train/target/train_00411.png,3571.jpg
train_00412,train,dataset/train/input/train_00412.png,dataset/train/target/train_00412.png,1868.jpg
train_00413,train,dataset/train/input/train_00413.png,dataset/train/target/train_00413.png,7209.jpg
train_00414,train,dataset/train/input/train_00414.png,dataset/train/target/train_00414.png,7931.jpg
train_00415,train,dataset/train/input/train_00415.png,dataset/train/target/train_00415.png,5473.jpg
train_00416,train,dataset/train/input/train_00416.png,dataset/train/target/train_00416.png,9600.jpg
train_00417,train,dataset/train/input/train_00417.png,dataset/train/target/train_00417.png,2915.jpg
train_00418,train,dataset/train/input/train_00418.png,dataset/train/target/train_00418.png,2392.jpg
train_00419,train,dataset/train/input/train_00419.png,dataset/train/target/train_00419.png,2410.jpg
train_00420,train,dataset/train/input/train_00420.png,dataset/train/target/train_00420.png,3151.jpg
train_00421,train,dataset/train/input/train_00421.png,dataset/train/target/train_00421.png,2330.jpg
train_00422,train,dataset/train/input/train_00422.png,dataset/train/target/train_00422.png,402.jpg
train_00423,train,dataset/train/input/train_00423.png,dataset/train/target/train_00423.png,6612.jpg
train_00424,train,dataset/train/input/train_00424.png,dataset/train/target/train_00424.png,3479.jpg
train_00425,train,dataset/train/input/train_00425.png,dataset/train/target/train_00425.png,4638.jpg
train_00426,train,dataset/train/input/train_00426.png,dataset/train/target/train_00426.png,7916.jpg
train_00427,train,dataset/train/input/train_00427.png,dataset/train/target/train_00427.png,6773.jpg
train_00428,train,dataset/train/input/train_00428.png,dataset/train/target/train_00428.png,5015.jpg
train_00429,train,dataset/train/input/train_00429.png,dataset/train/target/train_00429.png,2820.jpg
train_00430,train,dataset/train/input/train_00430.png,dataset/train/target/train_00430.png,1760.jpg
train_00431,train,dataset/train/input/train_00431.png,dataset/train/target/train_00431.png,4030.jpg
train_00432,train,dataset/train/input/train_00432.png,dataset/train/target/train_00432.png,8319.jpg
train_00433,train,dataset/train/input/train_00433.png,dataset/train/target/train_00433.png,7556.jpg
train_00434,train,dataset/train/input/train_00434.png,dataset/train/target/train_00434.png,9036.jpg
train_00435,train,dataset/train/input/train_00435.png,dataset/train/target/train_00435.png,4174.jpg
train_00436,train,dataset/train/input/train_00436.png,dataset/train/target/train_00436.png,4785.jpg
train_00437,train,dataset/train/input/train_00437.png,dataset/train/target/train_00437.png,2429.jpg
train_00438,train,dataset/train/input/train_00438.png,dataset/train/target/train_00438.png,5742.jpg
train_00439,train,dataset/train/input/train_00439.png,dataset/train/target/train_00439.png,9690.jpg
train_00440,train,dataset/train/input/train_00440.png,dataset/train/target/train_00440.png,2273.jpg
train_00441,train,dataset/train/input/train_00441.png,dataset/train/target/train_00441.png,6220.jpg
train_00442,train,dataset/train/input/train_00442.png,dataset/train/target/train_00442.png,7909.jpg
train_00443,train,dataset/train/input/train_00443.png,dataset/train/target/train_00443.png,2214.jpg
train_00444,train,dataset/train/input/train_00444.png,dataset/train/target/train_00444.png,8486.jpg
train_00445,train,dataset/train/input/train_00445.png,dataset/train/target/train_00445.png,7507.jpg
train_00446,train,dataset/train/input/train_00446.png,dataset/train/target/train_00446.png,5891.jpg
train_00447,train,dataset/train/input/train_00447.png,dataset/train/target/train_00447.png,6279.jpg
train_00448,train,dataset/train/input/train_00448.png,dataset/train/target/train_00448.png,8063.jpg
train_00449,train,dataset/train/input/train_00449.png,dataset/train/target/train_00449.png,3921.jpg
train_00450,train,dataset/train/input/train_00450.png,dataset/train/target/train_00450.png,9192.jpg
train_00451,train,dataset/train/input/train_00451.png,dataset/train/target/train_00451.png,5326.jpg
train_00452,train,dataset/train/input/train_00452.png,dataset/train/target/train_00452.png,258.jpg
train_00453,train,dataset/train/input/train_00453.png,dataset/train/target/train_00453.png,1096.jpg
train_00454,train,dataset/train/input/train_00454.png,dataset/train/target/train_00454.png,7837.jpg
train_00455,train,dataset/train/input/train_00455.png,dataset/train/target/train_00455.png,6044.jpg
train_00456,train,dataset/train/input/train_00456.png,dataset/train/target/train_00456.png,2972.jpg
train_00457,train,dataset/train/input/train_00457.png,dataset/train/target/train_00457.png,8780.jpg
train_00458,train,dataset/train/input/train_00458.png,dataset/train/target/train_00458.png,82.jpg
train_00459,train,dataset/train/input/train_00459.png,dataset/train/target/train_00459.png,1768.jpg
train_00460,train,dataset/train/input/train_00460.png,dataset/train/target/train_00460.png,1807.jpg
train_00461,train,dataset/train/input/train_00461.png,dataset/train/target/train_00461.png,7166.jpg
train_00462,train,dataset/train/input/train_00462.png,dataset/train/target/train_00462.png,8723.jpg
train_00463,train,dataset/train/input/train_00463.png,dataset/train/target/train_00463.png,3263.jpg
train_00464,train,dataset/train/input/train_00464.png,dataset/train/target/train_00464.png,1325.jpg
train_00465,train,dataset/train/input/train_00465.png,dataset/train/target/train_00465.png,316.jpg
train_00466,train,dataset/train/input/train_00466.png,dataset/train/target/train_00466.png,9536.jpg
train_00467,train,dataset/train/input/train_00467.png,dataset/train/target/train_00467.png,7326.jpg
train_00468,train,dataset/train/input/train_00468.png,dataset/train/target/train_00468.png,7971.jpg
train_00469,train,dataset/train/input/train_00469.png,dataset/train/target/train_00469.png,5952.jpg
train_00470,train,dataset/train/input/train_00470.png,dataset/train/target/train_00470.png,8037.jpg
train_00471,train,dataset/train/input/train_00471.png,dataset/train/target/train_00471.png,2062.jpg
train_00472,train,dataset/train/input/train_00472.png,dataset/train/target/train_00472.png,2176.jpg
train_00473,train,dataset/train/input/train_00473.png,dataset/train/target/train_00473.png,5316.jpg
train_00474,train,dataset/train/input/train_00474.png,dataset/train/target/train_00474.png,4605.jpg
train_00475,train,dataset/train/input/train_00475.png,dataset/train/target/train_00475.png,8133.jpg
train_00476,train,dataset/train/input/train_00476.png,dataset/train/target/train_00476.png,3601.jpg
train_00477,train,dataset/train/input/train_00477.png,dataset/train/target/train_00477.png,1456.jpg
train_00478,train,dataset/train/input/train_00478.png,dataset/train/target/train_00478.png,202.jpg
train_00479,train,dataset/train/input/train_00479.png,dataset/train/target/train_00479.png,2667.jpg
val_00000,val,dataset/val/input/val_00000.png,dataset/val/target/val_00000.png,9598.jpg
val_00001,val,dataset/val/input/val_00001.png,dataset/val/target/val_00001.png,7989.jpg
val_00002,val,dataset/val/input/val_00002.png,dataset/val/target/val_00002.png,3682.jpg
val_00003,val,dataset/val/input/val_00003.png,dataset/val/target/val_00003.png,3237.jpg
val_00004,val,dataset/val/input/val_00004.png,dataset/val/target/val_00004.png,8394.jpg
val_00005,val,dataset/val/input/val_00005.png,dataset/val/target/val_00005.png,9774.jpg
val_00006,val,dataset/val/input/val_00006.png,dataset/val/target/val_00006.png,3494.jpg
val_00007,val,dataset/val/input/val_00007.png,dataset/val/target/val_00007.png,3454.jpg
val_00008,val,dataset/val/input/val_00008.png,dataset/val/target/val_00008.png,3813.jpg
val_00009,val,dataset/val/input/val_00009.png,dataset/val/target/val_00009.png,3758.jpg
val_00010,val,dataset/val/input/val_00010.png,dataset/val/target/val_00010.png,2802.jpg
val_00011,val,dataset/val/input/val_00011.png,dataset/val/target/val_00011.png,3698.jpg
val_00012,val,dataset/val/input/val_00012.png,dataset/val/target/val_00012.png,9873.jpg
val_00013,val,dataset/val/input/val_00013.png,dataset/val/target/val_00013.png,1772.jpg
val_00014,val,dataset/val/input/val_00014.png,dataset/val/target/val_00014.png,4674.jpg
val_00015,val,dataset/val/input/val_00015.png,dataset/val/target/val_00015.png,4838.jpg
val_00016,val,dataset/val/input/val_00016.png,dataset/val/target/val_00016.png,5717.jpg
val_00017,val,dataset/val/input/val_00017.png,dataset/val/target/val_00017.png,5819.jpg
val_00018,val,dataset/val/input/val_00018.png,dataset/val/target/val_00018.png,1409.jpg
val_00019,val,dataset/val/input/val_00019.png,dataset/val/target/val_00019.png,4208.jpg
val_00020,val,dataset/val/input/val_00020.png,dataset/val/target/val_00020.png,6620.jpg
val_00021,val,dataset/val/input/val_00021.png,dataset/val/target/val_00021.png,2428.jpg
val_00022,val,dataset/val/input/val_00022.png,dataset/val/target/val_00022.png,4477.jpg
val_00023,val,dataset/val/input/val_00023.png,dataset/val/target/val_00023.png,7476.jpg
val_00024,val,dataset/val/input/val_00024.png,dataset/val/target/val_00024.png,6086.jpg
val_00025,val,dataset/val/input/val_00025.png,dataset/val/target/val_00025.png,1598.jpg
val_00026,val,dataset/val/input/val_00026.png,dataset/val/target/val_00026.png,2881.jpg
val_00027,val,dataset/val/input/val_00027.png,dataset/val/target/val_00027.png,9797.jpg
val_00028,val,dataset/val/input/val_00028.png,dataset/val/target/val_00028.png,4667.jpg
val_00029,val,dataset/val/input/val_00029.png,dataset/val/target/val_00029.png,1823.jpg
val_00030,val,dataset/val/input/val_00030.png,dataset/val/target/val_00030.png,416.jpg
val_00031,val,dataset/val/input/val_00031.png,dataset/val/target/val_00031.png,9471.jpg
val_00032,val,dataset/val/input/val_00032.png,dataset/val/target/val_00032.png,2720.jpg
val_00033,val,dataset/val/input/val_00033.png,dataset/val/target/val_00033.png,4370.jpg
val_00034,val,dataset/val/input/val_00034.png,dataset/val/target/val_00034.png,9847.jpg
val_00035,val,dataset/val/input/val_00035.png,dataset/val/target/val_00035.png,97.jpg
val_00036,val,dataset/val/input/val_00036.png,dataset/val/target/val_00036.png,5930.jpg
val_00037,val,dataset/val/input/val_00037.png,dataset/val/target/val_00037.png,4039.jpg
val_00038,val,dataset/val/input/val_00038.png,dataset/val/target/val_00038.png,6815.jpg
val_00039,val,dataset/val/input/val_00039.png,dataset/val/target/val_00039.png,4888.jpg
val_00040,val,dataset/val/input/val_00040.png,dataset/val/target/val_00040.png,5590.jpg
val_00041,val,dataset/val/input/val_00041.png,dataset/val/target/val_00041.png,2473.jpg
val_00042,val,dataset/val/input/val_00042.png,dataset/val/target/val_00042.png,4846.jpg
val_00043,val,dataset/val/input/val_00043.png,dataset/val/target/val_00043.png,7044.jpg
val_00044,val,dataset/val/input/val_00044.png,dataset/val/target/val_00044.png,169.jpg
val_00045,val,dataset/val/input/val_00045.png,dataset/val/target/val_00045.png,322.jpg
val_00046,val,dataset/val/input/val_00046.png,dataset/val/target/val_00046.png,3508.jpg
val_00047,val,dataset/val/input/val_00047.png,dataset/val/target/val_00047.png,7834.jpg
val_00048,val,dataset/val/input/val_00048.png,dataset/val/target/val_00048.png,6721.jpg
val_00049,val,dataset/val/input/val_00049.png,dataset/val/target/val_00049.png,7828.jpg
val_00050,val,dataset/val/input/val_00050.png,dataset/val/target/val_00050.png,6440.jpg
val_00051,val,dataset/val/input/val_00051.png,dataset/val/target/val_00051.png,4438.jpg
val_00052,val,dataset/val/input/val_00052.png,dataset/val/target/val_00052.png,5410.jpg
val_00053,val,dataset/val/input/val_00053.png,dataset/val/target/val_00053.png,9953.jpg
val_00054,val,dataset/val/input/val_00054.png,dataset/val/target/val_00054.png,8696.jpg
val_00055,val,dataset/val/input/val_00055.png,dataset/val/target/val_00055.png,3599.jpg
val_00056,val,dataset/val/input/val_00056.png,dataset/val/target/val_00056.png,3771.jpg
val_00057,val,dataset/val/input/val_00057.png,dataset/val/target/val_00057.png,1611.jpg
val_00058,val,dataset/val/input/val_00058.png,dataset/val/target/val_00058.png,3746.jpg
val_00059,val,dataset/val/input/val_00059.png,dataset/val/target/val_00059.png,5497.jpg
test_00000,test,dataset/test/input/test_00000.png,dataset/test/target/test_00000.png,3868.jpg
test_00001,test,dataset/test/input/test_00001.png,dataset/test/target/test_00001.png,1715.jpg
test_00002,test,dataset/test/input/test_00002.png,dataset/test/target/test_00002.png,2519.jpg
test_00003,test,dataset/test/input/test_00003.png,dataset/test/target/test_00003.png,5043.jpg
test_00004,test,dataset/test/input/test_00004.png,dataset/test/target/test_00004.png,3784.jpg
test_00005,test,dataset/test/input/test_00005.png,dataset/test/target/test_00005.png,4403.jpg
test_00006,test,dataset/test/input/test_00006.png,dataset/test/target/test_00006.png,1616.jpg
test_00007,test,dataset/test/input/test_00007.png,dataset/test/target/test_00007.png,1824.jpg
test_00008,test,dataset/test/input/test_00008.png,dataset/test/target/test_00008.png,6507.jpg
test_00009,test,dataset/test/input/test_00009.png,dataset/test/target/test_00009.png,9437.jpg
test_00010,test,dataset/test/input/test_00010.png,dataset/test/target/test_00010.png,7257.jpg
test_00011,test,dataset/test/input/test_00011.png,dataset/test/target/test_00011.png,1255.jpg
test_00012,test,dataset/test/input/test_00012.png,dataset/test/target/test_00012.png,2990.jpg
test_00013,test,dataset/test/input/test_00013.png,dataset/test/target/test_00013.png,8266.jpg
test_00014,test,dataset/test/input/test_00014.png,dataset/test/target/test_00014.png,8418.jpg
test_00015,test,dataset/test/input/test_00015.png,dataset/test/target/test_00015.png,8594.jpg
test_00016,test,dataset/test/input/test_00016.png,dataset/test/target/test_00016.png,914.jpg
test_00017,test,dataset/test/input/test_00017.png,dataset/test/target/test_00017.png,32.jpg
test_00018,test,dataset/test/input/test_00018.png,dataset/test/target/test_00018.png,9760.jpg
test_00019,test,dataset/test/input/test_00019.png,dataset/test/target/test_00019.png,4975.jpg
test_00020,test,dataset/test/input/test_00020.png,dataset/test/target/test_00020.png,6425.jpg
test_00021,test,dataset/test/input/test_00021.png,dataset/test/target/test_00021.png,7367.jpg
test_00022,test,dataset/test/input/test_00022.png,dataset/test/target/test_00022.png,3283.jpg
test_00023,test,dataset/test/input/test_00023.png,dataset/test/target/test_00023.png,3947.jpg
test_00024,test,dataset/test/input/test_00024.png,dataset/test/target/test_00024.png,9023.jpg
test_00025,test,dataset/test/input/test_00025.png,dataset/test/target/test_00025.png,5610.jpg
test_00026,test,dataset/test/input/test_00026.png,dataset/test/target/test_00026.png,5508.jpg
test_00027,test,dataset/test/input/test_00027.png,dataset/test/target/test_00027.png,1368.jpg
test_00028,test,dataset/test/input/test_00028.png,dataset/test/target/test_00028.png,5787.jpg
test_00029,test,dataset/test/input/test_00029.png,dataset/test/target/test_00029.png,3740.jpg
test_00030,test,dataset/test/input/test_00030.png,dataset/test/target/test_00030.png,9948.jpg
test_00031,test,dataset/test/input/test_00031.png,dataset/test/target/test_00031.png,5414.jpg
test_00032,test,dataset/test/input/test_00032.png,dataset/test/target/test_00032.png,4159.jpg
test_00033,test,dataset/test/input/test_00033.png,dataset/test/target/test_00033.png,8009.jpg
test_00034,test,dataset/test/input/test_00034.png,dataset/test/target/test_00034.png,8622.jpg
test_00035,test,dataset/test/input/test_00035.png,dataset/test/target/test_00035.png,1405.jpg
test_00036,test,dataset/test/input/test_00036.png,dataset/test/target/test_00036.png,4346.jpg
test_00037,test,dataset/test/input/test_00037.png,dataset/test/target/test_00037.png,1551.jpg
test_00038,test,dataset/test/input/test_00038.png,dataset/test/target/test_00038.png,577.jpg
test_00039,test,dataset/test/input/test_00039.png,dataset/test/target/test_00039.png,142.jpg
test_00040,test,dataset/test/input/test_00040.png,dataset/test/target/test_00040.png,717.jpg
test_00041,test,dataset/test/input/test_00041.png,dataset/test/target/test_00041.png,2352.jpg
test_00042,test,dataset/test/input/test_00042.png,dataset/test/target/test_00042.png,5926.jpg
test_00043,test,dataset/test/input/test_00043.png,dataset/test/target/test_00043.png,400.jpg
test_00044,test,dataset/test/input/test_00044.png,dataset/test/target/test_00044.png,9049.jpg
test_00045,test,dataset/test/input/test_00045.png,dataset/test/target/test_00045.png,6634.jpg
test_00046,test,dataset/test/input/test_00046.png,dataset/test/target/test_00046.png,621.jpg
test_00047,test,dataset/test/input/test_00047.png,dataset/test/target/test_00047.png,3464.jpg
test_00048,test,dataset/test/input/test_00048.png,dataset/test/target/test_00048.png,9747.jpg
test_00049,test,dataset/test/input/test_00049.png,dataset/test/target/test_00049.png,7479.jpg
test_00050,test,dataset/test/input/test_00050.png,dataset/test/target/test_00050.png,7410.jpg
test_00051,test,dataset/test/input/test_00051.png,dataset/test/target/test_00051.png,5392.jpg
test_00052,test,dataset/test/input/test_00052.png,dataset/test/target/test_00052.png,7228.jpg
test_00053,test,dataset/test/input/test_00053.png,dataset/test/target/test_00053.png,9756.jpg
test_00054,test,dataset/test/input/test_00054.png,dataset/test/target/test_00054.png,8549.jpg
test_00055,test,dataset/test/input/test_00055.png,dataset/test/target/test_00055.png,1463.jpg
test_00056,test,dataset/test/input/test_00056.png,dataset/test/target/test_00056.png,8152.jpg
test_00057,test,dataset/test/input/test_00057.png,dataset/test/target/test_00057.png,2039.jpg
test_00058,test,dataset/test/input/test_00058.png,dataset/test/target/test_00058.png,3341.jpg
test_00059,test,dataset/test/input/test_00059.png,dataset/test/target/test_00059.png,5625.jpg
